name	status	peak_rss_kb	wall_s	exit
lcii_persist_etalon	ran	3014328320	65.68	0
lcii_floppy_etalon	ran	3011280896	34.85	0
sonora_persist_etalon	ran	2967470080	156.48	0
lcii_savestate_etalon	ran	1585463296	33.80	0
lcii_soak_etalon	ran	1544929280	53.83	0
cclassic_boot_etalon	ran	1534607360	30.67	0
lcii_launch_etalon	ran	1534574592	35.88	0
jit_lcii_boot_etalon	ran	1531887616	30.21	0
lcii_boot_etalon	ran	1531838464	30.22	0
classic2_boot_etalon	ran	1530216448	30.15	0
mactv_boot_etalon	ran	1519632384	50.14	0
jit_mactv_boot_etalon	ran	1519632384	49.89	0
sonora_soak_etalon	ran	1498365952	182.58	0
jit_lc3_boot_etalon	ran	1497858048	71.86	0
lc3_boot_etalon	ran	1497841664	71.90	0
lc3plus_boot_etalon	ran	1497628672	92.38	0
interp_lcii_boot_etalon	ran	1495007232	65.56	0
jit_lc_boot_etalon	ran	1494925312	56.75	0
lc_boot_etalon	ran	1494908928	55.46	0
interp_lc3_boot_etalon	ran	1494401024	97.13	0
q630_persist_etalon	ran	905592832	129.66	0
centris_persist_etalon	ran	900153344	100.86	0
q605_persist_etalon	ran	898072576	87.10	0
q900_persist_etalon	ran	863535104	145.98	0
q700_persist_etalon	ran	862453760	103.36	0
q605_savestate_etalon	ran	719126528	15.90	0
q630_soak_etalon	ran	587513856	99.46	0
q950_boot_etalon	ran	587382784	86.20	0
lc580_boot_etalon	ran	586481664	9.28	0
q630_boot_etalon	ran	586186752	9.89	0
jit_q630_boot_etalon	ran	586022912	9.93	0
q900_boot_etalon	ran	583942144	77.21	0
centris_soak_etalon	ran	583335936	83.32	0
q900_input_etalon	ran	583106560	78.35	0
q700_boot_etalon	ran	583041024	47.48	0
jit_q700_boot_etalon	ran	582909952	47.54	0
centris650_boot_etalon	ran	582664192	46.94	0
jit_centris650_boot_etalon	ran	582516736	47.77	0
quadra650_boot_etalon	ran	582467584	59.29	0
centris610_boot_etalon	ran	582172672	38.94	0
quadra800_boot_etalon	ran	581173248	55.16	0
quadra610_boot_etalon	ran	580861952	46.59	0
q605_soak_etalon	ran	579862528	47.66	0
q605_cudalle_key_etalon	ran	579043328	39.01	0
q605_cudalle_mouse_etalon	ran	578682880	39.86	0
iivx_persist_etalon	ran	554745856	190.26	0
iifx_persist_etalon	ran	553140224	15.03	0
iisi_persist_etalon	ran	552828928	99.94	0
jit_q605_boot_etalon	ran	544636928	6.96	0
q605_boot_etalon	ran	544620544	6.93	0
q605_cudalle_boot_etalon	ran	544604160	6.96	0
q605_nofpu_boot_etalon	ran	544276480	6.95	0
lc475_boot_etalon	ran	544161792	6.95	0
q605_barefpu_boot_etalon	ran	543653888	6.86	0
lc575_boot_etalon	ran	542556160	6.85	0
q900_soak_etalon	ran	539328512	109.07	0
q700_soak_etalon	ran	538148864	85.67	0
q605_ot_bind_etalon	ran	469172224	4.92	0
interp_q700_boot_etalon	ran	370933760	193.62	0
interp_q605_boot_etalon	ran	370360320	40.00	0
interp_q630_boot_etalon	ran	369082368	51.44	0
interp_centris650_boot_etalon	ran	369033216	188.05	0
iifx_input_etalon	ran	294420480	8.42	0
iivx_soak_etalon	ran	292913152	147.63	0
iisi_input_etalon	ran	292208640	35.41	0
lc520_boot_etalon	ran	291864576	81.04	0
iivx_boot_etalon	ran	291782656	88.72	0
jit_iivx_boot_etalon	ran	291766272	89.01	0
lc550_boot_etalon	ran	291749888	101.79	0
iivi_boot_etalon	ran	291749888	53.17	0
iici_soak_etalon	ran	291307520	83.69	0
cclassic2_boot_etalon	ran	291307520	101.88	0
iisi_soak_etalon	ran	291160064	74.94	0
lc3_input_etalon	ran	290963456	61.74	0
iivx_input_etalon	ran	290832384	67.84	0
lc520_input_etalon	ran	290766848	64.47	0
iifx_soak_etalon	ran	290603008	25.60	0
iici_boot_etalon	ran	290242560	51.53	0
iisi_boot_etalon	ran	289734656	45.74	0
jit_iisi_boot_etalon	ran	289734656	45.94	0
jit_iifx_boot_etalon	ran	289308672	2.29	0
interp_iivx_boot_etalon	ran	289308672	121.61	0
iifx_boot_etalon	ran	289275904	2.29	0
iifx_post_etalon	ran	287326208	0.95	0
interp_iifx_boot_etalon	ran	287162368	2.46	0
interp_iisi_boot_etalon	ran	286441472	72.04	0
macii_persist_etalon	ran	271810560	55.27	0
duo230_boot_etalon	ran	196395008	48.40	0
duo_persist_etalon	ran	196198400	107.71	0
interp_duo230_boot_etalon	ran	193200128	53.55	0
duo_soak_etalon	ran	192167936	82.36	0
macii_soak_etalon	ran	187842560	37.69	0
llap_two_system_etalon	ran	166363136	2.30	0
lcii_sys7_boot_etalon	ran	154697728	50.44	0
compact_persist_etalon	ran	144752640	10.56	0
macii_sys7_boot_etalon	ran	107855872	44.17	0
compact_soak_etalon	ran	102727680	12.48	0
q605_floppy_boot_etalon	ran	66519040	1.38	0
iix_boot_etalon	ran	49856512	14.72	0
iicx_boot_etalon	ran	49823744	14.80	0
jit_se30_boot_etalon	ran	48758784	14.70	0
se30_boot_etalon	ran	48676864	14.69	0
macii_boot_etalon	ran	44744704	34.50	0
jit_macii_boot_etalon	ran	44744704	31.88	0
macii_mouse_etalon	ran	43515904	27.80	0
scsi_boot_etalon	ran	39075840	3.74	0
macii_post_etalon	ran	23461888	95.26	0
jit_classic_boot_etalon	ran	21184512	6.97	0
classic_boot_etalon	ran	21102592	6.96	0
se_boot_etalon	ran	20316160	6.94	0
sefdhd_boot_etalon	ran	20316160	7.04	0
jit_system_boot_etalon	ran	19709952	3.78	0
disk_boot_etalon	ran	19644416	2.85	0
system_boot_etalon	ran	19628032	3.77	0
input_etalon	ran	19628032	4.01	0
rom_boot_etalon	ran	17874944	2.30	0
q605_cdrom_etalon	skipped	2555904	0.02	0
q605_cdboot_etalon	skipped	2555904	0.02	0
q605_cdhot_etalon	skipped	2555904	0.02	0
