AdbBus.cpp	10.61
AdbBus.h	0.00
AdbLine.cpp	73.72
AdbLine.h	35.71
AdbVia.cpp	51.44
AdbVia.h	35.71
AfpServer.cpp	0.00
AfpServer.h	0.00
ApplePic.cpp	82.14
ApplePic.h	5.56
Ariel.h	74.19
Asc.cpp	89.76
Asc.h	34.82
AtalkHub.h	0.00
AtalkStack.cpp	0.00
AtalkStack.h	0.00
AtomicReplace.h	0.00
CentrisCpu.cpp	87.14
CentrisCpu.h	33.33
CentrisMemory.cpp	91.81
CentrisMemory.h	15.46
CoreConfig.h	100.00
Cpu020.cpp	91.80
Cpu020.h	16.67
Cpu030.cpp	43.32
Cpu030.h	11.54
Cpu040.cpp	66.95
Cpu040.h	16.67
Cpu68k.cpp	87.04
Cpu68k.h	65.38
CudaLle.cpp	86.84
CudaLle.h	36.84
Dafb.cpp	87.11
Dafb.h	31.58
DaynaPort.cpp	0.00
DaynaPort.h	0.00
DeclRom.cpp	80.48
DiskBays.cpp	0.00
DiskBays.h	0.00
DockLayout.cpp	0.00
Egret.cpp	10.90
Egret.h	33.33
EtherLink.cpp	0.00
EtherLink.h	0.00
FirmwareChoice.h	43.90
FirmwareManifest.h	0.00
FixtureStore.h	18.18
FloppySound.cpp	0.00
FloppySound.h	0.00
FloppySoundSink.h	0.00
FluxPll.h	25.45
GuiHostServices.cpp	0.00
GuiHostServices.h	0.00
GuiMachineRuntime.cpp	0.00
GuiRunnerCompact.h	0.00
GuiRunnerDafb.h	0.00
GuiRunnerDuo.h	0.00
GuiRunnerSonora.h	0.00
GuiRunnerToby.h	0.00
GuiRunnerV8.h	0.00
GuiSessionObjects.h	0.00
GuiShell.cpp	0.00
GuiShellCommon.h	0.00
GuiSmokeScenario.cpp	0.00
GuiSmokeScenario.h	0.00
GuiSpeedGauge.h	0.00
GuiTobyStatus.h	0.00
GuiWindowSession.h	0.00
IIfxCpu.cpp	100.00
IIfxCpu.h	16.67
IIfxMemory.cpp	85.53
IIfxMemory.h	12.35
InputJournal.h	0.00
Iwm.cpp	88.73
Iwm.h	52.63
LleSession.h	11.93
LtoUdp.cpp	0.00
LtoUdp.h	0.00
M68hc05.cpp	83.07
M68hc05.h	37.50
M68hc05Pge.cpp	77.52
M68hc05Pge.h	38.46
MacAudio.h	0.00
MacAudioHost.h	0.00
MacFrame.h	100.00
MacIIMemory.cpp	66.72
MacIIMemory.h	10.89
MacInput.cpp	43.75
MacInput.h	37.50
MacIpGateway.cpp	0.00
MacIpGateway.h	0.00
MacMemory.cpp	62.54
MacMemory.h	20.55
MacVideo.h	57.89
MachineCatalog.h	0.00
MachineFactory.cpp	0.00
MachineHost.h	0.00
MachineSession.cpp	0.00
MachineSession.h	0.00
MoiraCpu.h	88.52
MoiraSnapshot.h	0.00
MscCpu.cpp	85.96
MscCpu.h	16.67
MscMemory.cpp	76.89
MscMemory.h	40.51
Ncr5380.cpp	83.59
Ncr5380.h	25.00
Ncr53c96.cpp	77.09
Ncr53c96.h	48.39
NuBus.cpp	64.84
NuBus.h	33.33
PapServer.cpp	0.00
PapServer.h	0.00
PeripheralWindow.cpp	0.00
PgePmu.cpp	84.42
PgePmu.h	52.78
Pic1654s.cpp	90.79
Pic1654s.h	10.00
PlatformCompact.cpp	0.00
PlatformComposers.cpp	0.00
PlatformCompositionSupport.h	0.00
PlatformDafb.cpp	0.00
PlatformDuo.cpp	0.00
PlatformSonora.cpp	0.00
PlatformToby.cpp	0.00
PlatformV8.cpp	0.00
ProcessEnvironment.cpp	0.00
PseudoVia.cpp	92.74
PseudoVia.h	50.00
Q605Memory.cpp	83.76
Q605Memory.h	17.91
Q630Cpu.cpp	85.92
Q630Cpu.h	16.67
Q630Memory.cpp	91.81
Q630Memory.h	17.29
Q700Cpu.cpp	85.92
Q700Cpu.h	16.67
Q700Memory.cpp	59.11
Q700Memory.h	18.52
R65c02.cpp	71.56
R65c02.h	2.13
RbvCpu.cpp	90.54
RbvCpu.h	30.00
RbvMemory.cpp	75.57
RbvMemory.h	26.87
RbvVideo.h	55.21
Rtc.cpp	84.07
Rtc.h	57.14
RuntimeConfig.cpp	0.00
RuntimeConfig.h	0.00
RuntimeConfigCore.cpp	0.00
RuntimeConfigMachine.cpp	0.00
RuntimeConfigProduct.cpp	0.00
SaveState.cpp	0.00
SaveState.h	0.00
SaveStateMachines.cpp	0.00
SaveStateSlot.h	0.00
Scc8530.cpp	58.51
Scc8530.h	24.32
ScsiDisk.cpp	26.38
ScsiDisk.h	33.33
ScsiTarget.h	25.00
Se30Video.h	0.00
SonoraCpu.cpp	98.18
SonoraCpu.h	16.67
SonoraMemory.cpp	84.33
SonoraMemory.h	24.82
SonoraVideo.h	36.36
SonyDrive.cpp	43.29
SonyDrive.h	21.62
StartupDomainView.h	0.00
StartupOptions.h	50.00
StartupSnapshot.h	54.55
StartupValueDecoding.h	32.35
StartupValuePolicy.h	0.00
Swim1.cpp	34.19
Swim1.h	11.54
Swim2.cpp	75.36
Swim2.h	38.10
TobyVideo.cpp	65.86
TobyVideo.h	28.57
V8Memory.cpp	74.47
V8Memory.h	26.63
V8Video.h	34.78
Valkyrie.cpp	85.26
Valkyrie.h	33.33
VaspCpu.cpp	90.54
VaspCpu.h	30.00
VaspMemory.cpp	87.91
VaspMemory.h	25.37
VaspVideo.h	35.87
Via6522.cpp	82.88
Via6522.h	46.38
ViaEClock.h	95.00
VideoBeam.h	0.00
jit/JitBackend.cpp	22.22
jit/JitBackend.h	60.00
jit/JitBlockCache.cpp	99.15
jit/JitCodeBuffer.cpp	99.14
jit/JitCodeBuffer.h	14.29
jit/JitConfig.h	59.68
jit/JitCost.h	63.04
jit/JitDispatchCache.h	85.19
jit/JitEaPlan.h	89.19
jit/JitEngine.cpp	54.17
jit/JitEngine.h	49.44
jit/JitEngineCensus.cpp	3.45
jit/JitGuard.h	100.00
jit/JitIr.h	95.99
jit/JitRuntime.cpp	0.00
jit/JitShiftVersions.cpp	53.85
jit/JitShiftVersions.h	82.35
jit/JitStats.h	7.69
jit/backends/JitBackendA64.cpp	81.41
jit/backends/JitBackendThreaded.cpp	37.50
third_party/miniaudio.h	0.00
