POM68K-Prober v1	time=-420475944	findings=78
# valeurs BRUTES telles que la machine les rend.
# l'interpretation est a l'ecran, jamais ici.
ident	machineType	0x0000001B	INFO
ident	systemVersion	0x00000753	INFO
ident	romVersion	0x0000067C	INFO
ident	romSize	0x00100000	INFO
ident	cpu	0x00000004	INFO
ident	fpu	0x00000001	INFO
ident	mmu	0x00000003	INFO
ident	hwAttr	0x0100489D	INFO
ident	atalkVers	0x0000003C	INFO
ident	macTCP	0x00000000	INFO
ident	qdVers	0x00000230	INFO
ident	romBase	0x40800000	INFO
ident	romChksum	0xECBBC41C	INFO
ident	romIdWord	0x067C	INFO
ident	rom85	0x3FFF	INFO
ident	hwCfg	0xFC00	INFO
ident	memTop	0x00355F70	INFO
clock	macSeconds	-420475956	INFO
clock	dateTime	2026-10-10 15:35:40	INFO
probe	VIA1@Plus	present@0x00EFE1FE	INFO
probe	SCC@Plus	present@0x009FFFF8	INFO
probe	SCSI@Plus	present@0x00580000	INFO
probe	IWM@Plus	present@0x00DFE1FF	INFO
probe	VIA1@V8	present@0x00F00000	INFO
probe	SCC@V8	present@0x00F04000	INFO
probe	SCSI@V8	present@0x00F10000	INFO
probe	ASC@V8	present@0x00F14000	INFO
probe	SWIM@V8	present@0x00F16000	INFO
probe	pVIA2@V8	present@0x00F26000	INFO
probe	VIA1@II	present@0x50F00000	INFO
probe	VIA2@II	present@0x50F02000	INFO
probe	SCC@II	present@0x50F04000	INFO
probe	SCSI@II	present@0x50F10000	INFO
probe	ASC@II	present@0x50F14000	INFO
probe	SWIM@II	present@0x50F16000	INFO
probe	DAFB@Q605	present@0x50F40000	INFO
net	mppOpen	up	INFO
net	node	0	INFO
net	net	0	INFO
net	AFPServer.count	0	INFO
net	LaserWriter.count	0	INFO
net	Workstation.count	0	INFO
net	macIP	present	INFO
power	present	non	INFO
adb	count	2	INFO
adb	dev1.addr	2	INFO
adb	dev1.handler	1	INFO
adb	dev1.origAddr	2	INFO
adb	dev1.service	oui	INFO
adb	dev2.addr	3	INFO
adb	dev2.handler	1	INFO
adb	dev2.origAddr	3	INFO
adb	dev2.service	oui	INFO
drive	drv0.number	1	INFO
drive	drv0.refNum	-5	INFO
drive	drv0.fsid	0	INFO
drive	drv1.number	8	INFO
drive	drv1.refNum	-34	INFO
drive	drv1.fsid	0	INFO
drive	drv1.blocks	10240	INFO
drive	drv2.number	9	INFO
drive	drv2.refNum	-33	INFO
drive	drv2.fsid	0	INFO
drive	drv2.blocks	204800	INFO
drive	count	3	INFO
volume	vol0.name	Macintosh HD	INFO
volume	vol0.kbTotal	100790	INFO
volume	vol0.kbFree	71810	INFO
volume	vol0.locked	non	INFO
volume	vol1.name	Infinite HD	INFO
volume	vol1.kbTotal	4828	INFO
volume	vol1.kbFree	4762	INFO
volume	vol1.locked	non	INFO
volume	count	2	INFO
sound	attr	0x00001C3C	INFO
sound	features	sndIOMgr entree micro 	INFO
slot	count	0	INFO
slot	note	aucune sResource : machine sans slots	INFO
